SubjID,Group
sub_CC610076,older adult
sub_CC610099,older adult
sub_CC610101,older adult
sub_CC610146,older adult
sub_CC610178,older adult
sub_CC610210,older adult
sub_CC610212,older adult
sub_CC610227,older adult
sub_CC610285,older adult
sub_CC610288,older adult
sub_CC610292,older adult
sub_CC610308,older adult
sub_CC610344,older adult
sub_CC610372,older adult
sub_CC610392,older adult
sub_CC610405,older adult
sub_CC610469,older adult
sub_CC610508,older adult
sub_CC610568,older adult
sub_CC610575,older adult
sub_CC610576,older adult
sub_CC610594,older adult
sub_CC610625,older adult
sub_CC610631,older adult
sub_CC610653,older adult
sub_CC610658,older adult
sub_CC610671,older adult
sub_CC620005,older adult
sub_CC620026,older adult
sub_CC620073,older adult
sub_CC620085,older adult
sub_CC620090,older adult
sub_CC620106,older adult
sub_CC620114,older adult
sub_CC620118,older adult
sub_CC620121,older adult
sub_CC620129,older adult
sub_CC620152,older adult
sub_CC620164,older adult
sub_CC620193,older adult
sub_CC620259,older adult
sub_CC620262,older adult
sub_CC620264,older adult
sub_CC620279,older adult
sub_CC620284,older adult
sub_CC620314,older adult
sub_CC620354,older adult
sub_CC620359,older adult
sub_CC620405,older adult
sub_CC620406,older adult
sub_CC620413,older adult
sub_CC620429,older adult
sub_CC620436,older adult
sub_CC620444,older adult
sub_CC620451,older adult
sub_CC620454,older adult
sub_CC620466,older adult
sub_CC620479,older adult
sub_CC620490,older adult
sub_CC620496,older adult
sub_CC620499,older adult
sub_CC620515,older adult
sub_CC620518,older adult
sub_CC620526,older adult
sub_CC620549,older adult
sub_CC620557,older adult
sub_CC620567,older adult
sub_CC620572,older adult
sub_CC620592,older adult
sub_CC620610,older adult
sub_CC620619,older adult
sub_CC620659,older adult
sub_CC620720,older adult
sub_CC620785,older adult
sub_CC620793,older adult
sub_CC620821,older adult
sub_CC620885,older adult
sub_CC620919,older adult
sub_CC620935,older adult
sub_CC621011,older adult
sub_CC621080,older adult
sub_CC621128,older adult
sub_CC621184,older adult
sub_CC621199,older adult
sub_CC621248,older adult
sub_CC621284,older adult
sub_CC621642,older adult
sub_CC710037,older adult
sub_CC710088,older adult
sub_CC710131,older adult
sub_CC710154,older adult
sub_CC710176,older adult
sub_CC710214,older adult
sub_CC710313,older adult
sub_CC710342,older adult
sub_CC710350,older adult
sub_CC710382,older adult
sub_CC710429,older adult
sub_CC710446,older adult
sub_CC710462,older adult
sub_CC710486,older adult
sub_CC710494,older adult
sub_CC710548,older adult
sub_CC710551,older adult
sub_CC710566,older adult
sub_CC710591,older adult
sub_CC710664,older adult
sub_CC710679,older adult
sub_CC710982,older adult
sub_CC711027,older adult
sub_CC711035,older adult
sub_CC711128,older adult
sub_CC711158,older adult
sub_CC711245,older adult
sub_CC712027,older adult
sub_CC720023,older adult
sub_CC720071,older adult
sub_CC720103,older adult
sub_CC720119,older adult
sub_CC720188,older adult
sub_CC720238,older adult
sub_CC720290,older adult
sub_CC720304,older adult
sub_CC720329,older adult
sub_CC720358,older adult
sub_CC720400,older adult
sub_CC720407,older adult
sub_CC720497,older adult
sub_CC720511,older adult
sub_CC720516,older adult
sub_CC720622,older adult
sub_CC720646,older adult
sub_CC720670,older adult
sub_CC720685,older adult
sub_CC720941,older adult
sub_CC720986,older adult
sub_CC721052,older adult
sub_CC721107,older adult
sub_CC721114,older adult
sub_CC721224,older adult
sub_CC721291,older adult
sub_CC721292,older adult
sub_CC721374,older adult
sub_CC721377,older adult
sub_CC721392,older adult
sub_CC721418,older adult
sub_CC721434,older adult
sub_CC721504,older adult
sub_CC721519,older adult
sub_CC721532,older adult
sub_CC721585,older adult
sub_CC721648,older adult
sub_CC721707,older adult
sub_CC721729,older adult
sub_CC721888,older adult
sub_CC721891,older adult
sub_CC721894,older adult
sub_CC722536,older adult
sub_CC722542,older adult
sub_CC722651,older adult
sub_CC722891,older adult
sub_CC723395,older adult