CCID,Group
sub_CC110033,young adult
sub_CC110037,young adult
sub_CC110045,young adult
sub_CC110056,young adult
sub_CC110069,young adult
sub_CC110087,young adult
sub_CC110098,young adult
sub_CC110101,young adult
sub_CC110126,young adult
sub_CC110174,young adult
sub_CC110182,young adult
sub_CC110187,young adult
sub_CC110319,young adult
sub_CC110411,young adult
sub_CC110606,young adult
sub_CC112141,young adult
sub_CC120008,young adult
sub_CC120049,young adult
sub_CC120061,young adult
sub_CC120065,young adult
sub_CC120120,young adult
sub_CC120166,young adult
sub_CC120182,young adult
sub_CC120208,young adult
sub_CC120218,young adult
sub_CC120264,young adult
sub_CC120276,young adult
sub_CC120309,young adult
sub_CC120313,young adult
sub_CC120319,young adult
sub_CC120347,young adult
sub_CC120376,young adult
sub_CC120409,young adult
sub_CC120462,young adult
sub_CC120469,young adult
sub_CC120470,young adult
sub_CC120550,young adult
sub_CC120640,young adult
sub_CC120727,young adult
sub_CC120764,young adult
sub_CC120795,young adult
sub_CC121106,young adult
sub_CC121111,young adult
sub_CC121144,young adult
sub_CC121158,young adult
sub_CC121200,young adult
sub_CC121317,young adult
sub_CC121397,young adult
sub_CC121411,young adult
sub_CC121428,young adult
sub_CC121479,young adult
sub_CC121685,young adult
sub_CC121795,young adult
sub_CC122172,young adult
sub_CC122405,young adult
sub_CC122620,young adult
sub_CC210023,young adult
sub_CC210051,young adult
sub_CC210088,young adult
sub_CC210124,young adult
sub_CC210148,young adult
sub_CC210172,young adult
sub_CC210182,young adult
sub_CC210250,young adult
sub_CC210422,young adult
sub_CC210519,young adult
sub_CC210526,young adult
sub_CC210617,young adult
sub_CC210657,young adult
sub_CC212153,young adult
sub_CC220098,young adult
sub_CC220107,young adult
sub_CC220115,young adult
sub_CC220132,young adult
sub_CC220151,young adult
sub_CC220198,young adult
sub_CC220203,young adult
sub_CC220223,young adult
sub_CC220232,young adult
sub_CC220234,young adult
sub_CC220284,young adult
sub_CC220323,young adult
sub_CC220335,young adult
sub_CC220352,young adult
sub_CC220372,young adult
sub_CC220419,young adult
sub_CC220506,young adult
sub_CC220518,young adult
sub_CC220519,young adult
sub_CC220526,young adult
sub_CC220535,young adult
sub_CC220567,young adult
sub_CC220610,young adult
sub_CC220635,young adult
sub_CC220697,young adult
sub_CC220713,young adult
sub_CC220828,young adult
sub_CC220843,young adult
sub_CC220901,young adult
sub_CC220920,young adult
sub_CC220974,young adult
sub_CC220999,young adult
sub_CC221002,young adult
sub_CC221031,young adult
sub_CC221033,young adult
sub_CC221040,young adult
sub_CC221054,young adult
sub_CC221107,young adult
sub_CC221209,young adult
sub_CC221220,young adult
sub_CC221244,young adult
sub_CC221324,young adult
sub_CC221336,young adult
sub_CC221352,young adult
sub_CC221373,young adult
sub_CC221487,young adult
sub_CC221511,young adult
sub_CC221527,young adult
sub_CC221565,young adult
sub_CC221585,young adult
sub_CC221595,young adult
sub_CC221648,young adult
sub_CC221740,young adult
sub_CC221755,young adult
sub_CC221775,young adult
sub_CC221828,young adult
sub_CC221886,young adult
sub_CC221935,young adult
sub_CC221954,young adult
sub_CC221977,young adult
sub_CC221980,young adult
sub_CC222120,young adult
sub_CC222125,young adult
sub_CC222185,young adult
sub_CC222258,young adult
sub_CC222264,young adult
sub_CC222304,young adult
sub_CC222326,young adult
sub_CC222367,young adult
sub_CC222496,young adult
sub_CC222555,young adult
sub_CC222652,young adult
sub_CC222797,young adult
sub_CC222956,young adult
sub_CC223085,young adult
sub_CC223115,young adult
sub_CC223286,young adult
sub_CC310008,adult
sub_CC310051,young adult
sub_CC310052,young adult
sub_CC310086,adult
sub_CC310129,young adult
sub_CC310135,young adult
sub_CC310142,adult
sub_CC310160,young adult
sub_CC310203,young adult
sub_CC310214,adult
sub_CC310224,adult
sub_CC310252,adult
sub_CC310256,young adult
sub_CC310331,adult
sub_CC310361,young adult
sub_CC310385,adult
sub_CC310391,young adult
sub_CC310397,young adult
sub_CC310400,young adult
sub_CC310410,young adult
sub_CC310414,young adult
sub_CC310450,adult
sub_CC310463,adult
sub_CC310473,adult
sub_CC312058,adult
sub_CC312222,adult
sub_CC320002,adult
sub_CC320022,young adult
sub_CC320059,adult
sub_CC320088,young adult
sub_CC320089,adult
sub_CC320107,adult
sub_CC320109,young adult
sub_CC320160,adult
sub_CC320202,adult
sub_CC320206,adult
sub_CC320218,adult
sub_CC320267,young adult
sub_CC320297,young adult
sub_CC320321,young adult
sub_CC320325,young adult
sub_CC320336,young adult
sub_CC320342,young adult
sub_CC320359,adult
sub_CC320379,adult
sub_CC320417,young adult
sub_CC320429,adult
sub_CC320448,young adult
sub_CC320461,young adult
sub_CC320478,young adult
sub_CC320500,adult
sub_CC320553,adult
sub_CC320568,young adult
sub_CC320574,young adult
sub_CC320575,young adult
sub_CC320576,adult
sub_CC320608,adult
sub_CC320616,young adult
sub_CC320621,adult
sub_CC320636,adult
sub_CC320651,young adult
sub_CC320661,young adult
sub_CC320680,young adult
sub_CC320686,young adult
sub_CC320687,young adult
sub_CC320698,adult
sub_CC320759,young adult
sub_CC320776,adult
sub_CC320814,young adult
sub_CC320850,adult
sub_CC320870,adult
sub_CC320888,adult
sub_CC320893,adult
sub_CC320904,young adult
sub_CC321000,young adult
sub_CC321025,young adult
sub_CC321053,young adult
sub_CC321069,young adult
sub_CC321073,young adult
sub_CC321107,young adult
sub_CC321137,young adult
sub_CC321154,adult
sub_CC321174,young adult
sub_CC321203,young adult
sub_CC321281,adult
sub_CC321291,young adult
sub_CC321331,adult
sub_CC321368,adult
sub_CC321428,young adult
sub_CC321431,adult
sub_CC321464,adult
sub_CC321504,young adult
sub_CC321506,young adult
sub_CC321529,young adult
sub_CC321544,young adult
sub_CC321557,young adult
sub_CC321585,young adult
sub_CC321594,young adult
sub_CC321595,adult
sub_CC321880,adult
sub_CC321899,adult
sub_CC321976,young adult
sub_CC322186,adult
sub_CC410015,adult
sub_CC410032,adult
sub_CC410040,adult
sub_CC410084,adult
sub_CC410086,adult
sub_CC410091,adult
sub_CC410094,adult
sub_CC410101,adult
sub_CC410113,adult
sub_CC410119,adult
sub_CC410121,adult
sub_CC410129,adult
sub_CC410169,adult
sub_CC410173,adult
sub_CC410177,adult
sub_CC410179,adult
sub_CC410220,adult
sub_CC410222,adult
sub_CC410226,adult
sub_CC410243,adult
sub_CC410248,adult
sub_CC410251,adult
sub_CC410284,adult
sub_CC410287,adult
sub_CC410289,adult
sub_CC410297,adult
sub_CC410323,adult
sub_CC410325,adult
sub_CC410354,adult
sub_CC410387,adult
sub_CC410390,adult
sub_CC410432,adult
sub_CC412004,adult
sub_CC412021,adult
sub_CC420004,adult
sub_CC420060,adult
sub_CC420061,adult
sub_CC420071,adult
sub_CC420075,adult
sub_CC420089,adult
sub_CC420091,adult
sub_CC420094,adult
sub_CC420100,adult
sub_CC420137,adult
sub_CC420143,adult
sub_CC420148,adult
sub_CC420149,adult
sub_CC420157,adult
sub_CC420162,adult
sub_CC420167,adult
sub_CC420173,adult
sub_CC420180,adult
sub_CC420182,adult
sub_CC420197,adult
sub_CC420198,adult
sub_CC420202,adult
sub_CC420204,adult
sub_CC420217,adult
sub_CC420222,adult
sub_CC420226,adult
sub_CC420229,adult
sub_CC420231,adult
sub_CC420236,adult
sub_CC420241,adult
sub_CC420260,adult
sub_CC420261,adult
sub_CC420286,adult
sub_CC420322,adult
sub_CC420324,adult
sub_CC420348,adult
sub_CC420356,adult
sub_CC420383,adult
sub_CC420392,adult
sub_CC420396,adult
sub_CC420402,adult
sub_CC420412,adult
sub_CC420433,adult
sub_CC420435,adult
sub_CC420454,adult
sub_CC420462,adult
sub_CC420464,adult
sub_CC420493,adult
sub_CC420566,adult
sub_CC420582,adult
sub_CC420587,adult
sub_CC420589,adult
sub_CC420623,adult
sub_CC420720,adult
sub_CC420729,adult
sub_CC420776,adult
sub_CC420888,adult
sub_CC510039,adult
sub_CC510043,adult
sub_CC510050,adult
sub_CC510076,adult
sub_CC510086,older adult
sub_CC510115,adult
sub_CC510161,adult
sub_CC510163,adult
sub_CC510208,older adult
sub_CC510220,older adult
sub_CC510226,older adult
sub_CC510237,older adult
sub_CC510242,adult
sub_CC510243,adult
sub_CC510255,adult
sub_CC510258,adult
sub_CC510259,adult
sub_CC510284,adult
sub_CC510304,older adult
sub_CC510321,adult
sub_CC510323,adult
sub_CC510329,adult
sub_CC510342,adult
sub_CC510354,adult
sub_CC510355,older adult
sub_CC510392,older adult
sub_CC510393,older adult
sub_CC510395,older adult
sub_CC510415,adult
sub_CC510433,adult
sub_CC510434,older adult
sub_CC510438,adult
sub_CC510473,older adult
sub_CC510474,older adult
sub_CC510480,older adult
sub_CC510483,adult
sub_CC510486,adult
sub_CC510534,older adult
sub_CC510548,adult
sub_CC510551,adult
sub_CC510609,adult
sub_CC510629,adult
sub_CC510648,adult
sub_CC520002,adult
sub_CC520011,adult
sub_CC520013,older adult
sub_CC520042,adult
sub_CC520053,adult
sub_CC520055,adult
sub_CC520065,adult
sub_CC520078,adult
sub_CC520083,older adult
sub_CC520097,adult
sub_CC520122,older adult
sub_CC520127,older adult
sub_CC520134,older adult
sub_CC520136,older adult
sub_CC520147,adult
sub_CC520168,adult
sub_CC520175,adult
sub_CC520200,older adult
sub_CC520209,older adult
sub_CC520211,adult
sub_CC520215,adult
sub_CC520239,older adult
sub_CC520247,adult
sub_CC520253,adult
sub_CC520254,older adult
sub_CC520279,older adult
sub_CC520287,adult
sub_CC520377,adult
sub_CC520390,older adult
sub_CC520391,adult
sub_CC520395,adult
sub_CC520398,adult
sub_CC520424,adult
sub_CC520477,older adult
sub_CC520480,adult
sub_CC520503,older adult
sub_CC520517,older adult
sub_CC520560,older adult
sub_CC520562,older adult
sub_CC520584,adult
sub_CC520585,older adult
sub_CC520597,adult
sub_CC520607,adult
sub_CC520624,adult
sub_CC520673,older adult
sub_CC520745,adult
sub_CC520775,adult
sub_CC520868,older adult
sub_CC520980,older adult
sub_CC521040,adult
sub_CC610022,older adult
sub_CC610028,older adult
sub_CC610039,older adult
sub_CC610040,older adult
sub_CC610046,older adult
sub_CC610050,older adult
sub_CC610052,older adult
sub_CC610058,older adult
sub_CC610061,older adult
sub_CC610071,older adult
sub_CC610076,older adult
sub_CC610099,older adult
sub_CC610101,older adult
sub_CC610146,older adult
sub_CC610178,older adult
sub_CC610210,older adult
sub_CC610212,older adult
sub_CC610227,older adult
sub_CC610285,older adult
sub_CC610288,older adult
sub_CC610292,older adult
sub_CC610308,older adult
sub_CC610344,older adult
sub_CC610372,older adult
sub_CC610392,older adult
sub_CC610405,older adult
sub_CC610469,older adult
sub_CC610508,older adult
sub_CC610568,older adult
sub_CC610575,older adult
sub_CC610576,older adult
sub_CC610594,older adult
sub_CC610625,older adult
sub_CC610631,older adult
sub_CC610653,older adult
sub_CC610658,older adult
sub_CC610671,older adult
sub_CC620005,older adult
sub_CC620026,older adult
sub_CC620073,older adult
sub_CC620085,older adult
sub_CC620090,older adult
sub_CC620106,older adult
sub_CC620114,older adult
sub_CC620118,older adult
sub_CC620121,older adult
sub_CC620129,older adult
sub_CC620152,older adult
sub_CC620164,older adult
sub_CC620193,older adult
sub_CC620259,older adult
sub_CC620262,older adult
sub_CC620264,older adult
sub_CC620279,older adult
sub_CC620284,older adult
sub_CC620314,older adult
sub_CC620354,older adult
sub_CC620359,older adult
sub_CC620405,older adult
sub_CC620406,older adult
sub_CC620413,older adult
sub_CC620429,older adult
sub_CC620436,older adult
sub_CC620444,older adult
sub_CC620451,older adult
sub_CC620454,older adult
sub_CC620466,older adult
sub_CC620479,older adult
sub_CC620490,older adult
sub_CC620496,older adult
sub_CC620499,older adult
sub_CC620515,older adult
sub_CC620518,older adult
sub_CC620526,older adult
sub_CC620549,older adult
sub_CC620557,older adult
sub_CC620567,older adult
sub_CC620572,older adult
sub_CC620592,older adult
sub_CC620610,older adult
sub_CC620619,older adult
sub_CC620659,older adult
sub_CC620720,older adult
sub_CC620785,older adult
sub_CC620793,older adult
sub_CC620821,older adult
sub_CC620885,older adult
sub_CC620919,older adult
sub_CC620935,older adult
sub_CC621011,older adult
sub_CC621080,older adult
sub_CC621128,older adult
sub_CC621184,older adult
sub_CC621199,older adult
sub_CC621248,older adult
sub_CC621284,older adult
sub_CC621642,older adult
sub_CC710037,older adult
sub_CC710088,older adult
sub_CC710131,older adult
sub_CC710154,older adult
sub_CC710176,older adult
sub_CC710214,older adult
sub_CC710313,older adult
sub_CC710342,older adult
sub_CC710350,older adult
sub_CC710382,older adult
sub_CC710429,older adult
sub_CC710446,older adult
sub_CC710462,older adult
sub_CC710486,older adult
sub_CC710494,older adult
sub_CC710548,older adult
sub_CC710551,older adult
sub_CC710566,older adult
sub_CC710591,older adult
sub_CC710664,older adult
sub_CC710679,older adult
sub_CC710982,older adult
sub_CC711027,older adult
sub_CC711035,older adult
sub_CC711128,older adult
sub_CC711158,older adult
sub_CC711245,older adult
sub_CC712027,older adult
sub_CC720023,older adult
sub_CC720071,older adult
sub_CC720103,older adult
sub_CC720119,older adult
sub_CC720188,older adult
sub_CC720238,older adult
sub_CC720290,older adult
sub_CC720304,older adult
sub_CC720329,older adult
sub_CC720358,older adult
sub_CC720400,older adult
sub_CC720407,older adult
sub_CC720497,older adult
sub_CC720511,older adult
sub_CC720516,older adult
sub_CC720622,older adult
sub_CC720646,older adult
sub_CC720670,older adult
sub_CC720685,older adult
sub_CC720941,older adult
sub_CC720986,older adult
sub_CC721052,older adult
sub_CC721107,older adult
sub_CC721114,older adult
sub_CC721224,older adult
sub_CC721291,older adult
sub_CC721292,older adult
sub_CC721374,older adult
sub_CC721377,older adult
sub_CC721392,older adult
sub_CC721418,older adult
sub_CC721434,older adult
sub_CC721504,older adult
sub_CC721519,older adult
sub_CC721532,older adult
sub_CC721585,older adult
sub_CC721648,older adult
sub_CC721707,older adult
sub_CC721729,older adult
sub_CC721888,older adult
sub_CC721891,older adult
sub_CC721894,older adult
sub_CC722536,older adult
sub_CC722542,older adult
sub_CC722651,older adult
sub_CC722891,older adult
sub_CC723395,older adult